<?xml version="1.0"?>
<doc>
    <assembly>
        <name>Hzdtf.Logger.Contract.Standard</name>
    </assembly>
    <members>
        <member name="T:Hzdtf.Logger.Contract.Standard.ConfigLogRecordLevel">
            <summary>
            配置日志记录等级
            @ 黄振东
            </summary>
        </member>
        <member name="P:Hzdtf.Logger.Contract.Standard.ConfigLogRecordLevel.AppConfig">
            <summary>
            应用配置
            </summary>
        </member>
        <member name="M:Hzdtf.Logger.Contract.Standard.ConfigLogRecordLevel.GetDefaultRecordLevel">
            <summary>
            获取默认的记录等级
            </summary>
            <returns>记录级别</returns>
        </member>
        <member name="T:Hzdtf.Logger.Contract.Standard.ConsoleLog">
            <summary>
            控制台日志
            @ 黄振东
            </summary>
        </member>
        <member name="M:Hzdtf.Logger.Contract.Standard.ConsoleLog.WriteStorage(System.String,System.String)">
            <summary>
            将日志内容写入到存储设备里
            </summary>
            <param name="logContent">日志内容</param>
            <param name="level">等级</param>
        </member>
        <member name="M:Hzdtf.Logger.Contract.Standard.ConsoleLog.SectionPartitionSymbol">
            <summary>
            分段分隔符
            </summary>
            <returns>分段分隔符</returns>
        </member>
        <member name="T:Hzdtf.Logger.Contract.Standard.ContentLogBase">
            <summary>
            内容日志基类
            @ 黄振东
            </summary>
        </member>
        <member name="M:Hzdtf.Logger.Contract.Standard.ContentLogBase.WriteStorage(System.String,System.String,System.Exception,System.String,System.String[])">
            <summary>
            将消息与异常写入到存储设备里
            </summary>
            <param name="level">级别</param>
            <param name="msg">消息</param>
            <param name="ex">异常</param>
            <param name="source">来源</param>
            <param name="tags">标签</param>
        </member>
        <member name="M:Hzdtf.Logger.Contract.Standard.ContentLogBase.WriteStorage(System.String,System.String)">
            <summary>
            将日志内容写入到存储设备里
            </summary>
            <param name="logContent">日志内容</param>
            <param name="level">等级</param>
        </member>
        <member name="M:Hzdtf.Logger.Contract.Standard.ContentLogBase.GetLogContent(System.String,System.String,System.Exception,System.String,System.String[])">
            <summary>
            获取日志内容
            </summary>
            <param name="level">级别</param>
            <param name="msg">消息</param>
            <param name="ex">异常</param>
            <param name="source">来源</param>
            <param name="tags">标签</param>
            <returns>日志内容</returns>
        </member>
        <member name="M:Hzdtf.Logger.Contract.Standard.ContentLogBase.SectionPartitionSymbol">
            <summary>
            分段分隔符
            </summary>
            <returns>分段分隔符</returns>
        </member>
        <member name="T:Hzdtf.Logger.Contract.Standard.ILogable">
            <summary>
            可记录日志的接口
            @ 黄振东
            </summary>
        </member>
        <member name="M:Hzdtf.Logger.Contract.Standard.ILogable.Trace(System.String,System.Exception,System.String,System.String[])">
            <summary>
            跟踪
            </summary>
            <param name="msg">消息</param>
            <param name="ex">异常</param>
            <param name="source">来源</param>
            <param name="tags">标签</param>
        </member>
        <member name="M:Hzdtf.Logger.Contract.Standard.ILogable.Debug(System.String,System.Exception,System.String,System.String[])">
            <summary>
            调试
            </summary>
            <param name="msg">消息</param>
            <param name="ex">异常</param>
            <param name="source">来源</param>
            <param name="tags">标签</param>
        </member>
        <member name="M:Hzdtf.Logger.Contract.Standard.ILogable.Info(System.String,System.Exception,System.String,System.String[])">
            <summary>
            信息
            </summary>
            <param name="msg">消息</param>
            <param name="ex">异常</param>
            <param name="source">来源</param>
            <param name="tags">标签</param>
        </member>
        <member name="M:Hzdtf.Logger.Contract.Standard.ILogable.Wran(System.String,System.Exception,System.String,System.String[])">
            <summary>
            警告
            </summary>
            <param name="msg">消息</param>
            <param name="ex">异常</param>
            <param name="source">来源</param>
            <param name="tags">标签</param>
        </member>
        <member name="M:Hzdtf.Logger.Contract.Standard.ILogable.Error(System.String,System.Exception,System.String,System.String[])">
            <summary>
            错误
            </summary>
            <param name="msg">消息</param>
            <param name="ex">异常</param>
            <param name="source">来源</param>
            <param name="tags">标签</param>
        </member>
        <member name="M:Hzdtf.Logger.Contract.Standard.ILogable.Fatal(System.String,System.Exception,System.String,System.String[])">
            <summary>
            致命
            </summary>
            <param name="msg">消息</param>
            <param name="ex">异常</param>
            <param name="source">来源</param>
            <param name="tags">标签</param>
        </member>
        <member name="T:Hzdtf.Logger.Contract.Standard.ILogableAsync">
            <summary>
            可记录日志的异步接口
            @ 黄振东
            </summary>
        </member>
        <member name="M:Hzdtf.Logger.Contract.Standard.ILogableAsync.TraceAsync(System.String,System.Exception,System.String,System.String[])">
            <summary>
            异步跟踪
            </summary>
            <param name="msg">消息</param>
            <param name="ex">异常</param>
            <param name="source">来源</param>
            <param name="tags">标签</param>
            <returns>任务</returns>
        </member>
        <member name="M:Hzdtf.Logger.Contract.Standard.ILogableAsync.DebugAsync(System.String,System.Exception,System.String,System.String[])">
            <summary>
            异步调试
            </summary>
            <param name="msg">消息</param>
            <param name="ex">异常</param>
            <param name="source">来源</param>
            <param name="tags">标签</param>
            <returns>任务</returns>
        </member>
        <member name="M:Hzdtf.Logger.Contract.Standard.ILogableAsync.InfoAsync(System.String,System.Exception,System.String,System.String[])">
            <summary>
            异步信息
            </summary>
            <param name="msg">消息</param>
            <param name="ex">异常</param>
            <param name="source">来源</param>
            <param name="tags">标签</param>
            <returns>任务</returns>
        </member>
        <member name="M:Hzdtf.Logger.Contract.Standard.ILogableAsync.WranAsync(System.String,System.Exception,System.String,System.String[])">
            <summary>
            异步警告
            </summary>
            <param name="msg">消息</param>
            <param name="ex">异常</param>
            <param name="source">来源</param>
            <param name="tags">标签</param>
            <returns>任务</returns>
        </member>
        <member name="M:Hzdtf.Logger.Contract.Standard.ILogableAsync.ErrorAsync(System.String,System.Exception,System.String,System.String[])">
            <summary>
            异步错误
            </summary>
            <param name="msg">消息</param>
            <param name="ex">异常</param>
            <param name="source">来源</param>
            <param name="tags">标签</param>
            <returns>任务</returns>
        </member>
        <member name="M:Hzdtf.Logger.Contract.Standard.ILogableAsync.FatalAsync(System.String,System.Exception,System.String,System.String[])">
            <summary>
            异步致命
            </summary>
            <param name="msg">消息</param>
            <param name="ex">异常</param>
            <param name="source">来源</param>
            <param name="tags">标签</param>
            <returns>任务</returns>
        </member>
        <member name="T:Hzdtf.Logger.Contract.Standard.ILogRecordLevel">
            <summary>
            日志记录级别接口
            @ 黄振东
            </summary>
        </member>
        <member name="M:Hzdtf.Logger.Contract.Standard.ILogRecordLevel.GetRecordLevel">
            <summary>
            获取记录级别
            </summary>
            <returns>记录级别</returns>
        </member>
        <member name="M:Hzdtf.Logger.Contract.Standard.ILogRecordLevel.SetRecordLevel(System.String)">
            <summary>
            设置记录级别
            </summary>
            <param name="level">记录级别</param>
        </member>
        <member name="T:Hzdtf.Logger.Contract.Standard.LogRecordLevelBase">
            <summary>
            日志记录等级基类
            @ 黄振东
            </summary>
        </member>
        <member name="F:Hzdtf.Logger.Contract.Standard.LogRecordLevelBase.level">
            <summary>
            等级
            </summary>
        </member>
        <member name="F:Hzdtf.Logger.Contract.Standard.LogRecordLevelBase.syncLevel">
            <summary>
            同步等级
            </summary>
        </member>
        <member name="M:Hzdtf.Logger.Contract.Standard.LogRecordLevelBase.GetRecordLevel">
            <summary>
            获取记录级别
            </summary>
            <returns>记录级别</returns>
        </member>
        <member name="M:Hzdtf.Logger.Contract.Standard.LogRecordLevelBase.SetRecordLevel(System.String)">
            <summary>
            设置记录级别
            </summary>
            <param name="level">记录级别</param>
        </member>
        <member name="M:Hzdtf.Logger.Contract.Standard.LogRecordLevelBase.GetDefaultRecordLevel">
            <summary>
            获取默认的记录等级
            </summary>
            <returns>记录级别</returns>
        </member>
        <member name="T:Hzdtf.Logger.Contract.Standard.DefaultLogRecordLevel">
            <summary>
            默认日志记录级别
            @ 黄振东
            </summary>
        </member>
        <member name="M:Hzdtf.Logger.Contract.Standard.DefaultLogRecordLevel.GetDefaultRecordLevel">
            <summary>
            获取默认的记录等级
            </summary>
            <returns>记录级别</returns>
        </member>
        <member name="T:Hzdtf.Logger.Contract.Standard.LogBase">
            <summary>
            日志基类
            @ 黄振东
            </summary>
            <summary>
            日志基类
            @ 黄振东
            </summary>
        </member>
        <member name="P:Hzdtf.Logger.Contract.Standard.LogBase.LogRecordLevel">
            <summary>
            日志记录级别
            </summary>
        </member>
        <member name="M:Hzdtf.Logger.Contract.Standard.LogBase.Trace(System.String,System.Exception,System.String,System.String[])">
            <summary>
            跟踪
            </summary>
            <param name="msg">消息</param>
            <param name="ex">异常</param>
            <param name="source">来源</param>
            <param name="tags">标签</param>
        </member>
        <member name="M:Hzdtf.Logger.Contract.Standard.LogBase.Debug(System.String,System.Exception,System.String,System.String[])">
            <summary>
            调试
            </summary>
            <param name="msg">消息</param>
            <param name="ex">异常</param>
            <param name="source">来源</param>
            <param name="tags">标签</param>
        </member>
        <member name="M:Hzdtf.Logger.Contract.Standard.LogBase.Info(System.String,System.Exception,System.String,System.String[])">
            <summary>
            信息
            </summary>
            <param name="msg">消息</param>
            <param name="ex">异常</param>
            <param name="source">来源</param>
            <param name="tags">标签</param>
        </member>
        <member name="M:Hzdtf.Logger.Contract.Standard.LogBase.Wran(System.String,System.Exception,System.String,System.String[])">
            <summary>
            警告
            </summary>
            <param name="msg">消息</param>
            <param name="ex">异常</param>
            <param name="source">来源</param>
            <param name="tags">标签</param>
        </member>
        <member name="M:Hzdtf.Logger.Contract.Standard.LogBase.Error(System.String,System.Exception,System.String,System.String[])">
            <summary>
            错误
            </summary>
            <param name="msg">消息</param>
            <param name="ex">异常</param>
            <param name="source">来源</param>
            <param name="tags">标签</param>
        </member>
        <member name="M:Hzdtf.Logger.Contract.Standard.LogBase.Fatal(System.String,System.Exception,System.String,System.String[])">
            <summary>
            致命
            </summary>
            <param name="msg">消息</param>
            <param name="ex">异常</param>
            <param name="source">来源</param>
            <param name="tags">标签</param>
        </member>
        <member name="M:Hzdtf.Logger.Contract.Standard.LogBase.BeforeWriteStorage(System.String,System.String,System.Exception,System.String,System.String[])">
            <summary>
            将消息与异常写入到存储设备里前
            </summary>
            <param name="level">级别</param>
            <param name="msg">消息</param>
            <param name="tags">标签</param>
            <param name="source">来源</param>
            <param name="ex">异常</param>
        </member>
        <member name="M:Hzdtf.Logger.Contract.Standard.LogBase.WriteStorage(System.String,System.String,System.Exception,System.String,System.String[])">
            <summary>
            将消息与异常写入到存储设备里
            </summary>
            <param name="level">级别</param>
            <param name="msg">消息</param>
            <param name="ex">异常</param>
            <param name="source">来源</param>
            <param name="tags">标签</param>
        </member>
        <member name="M:Hzdtf.Logger.Contract.Standard.LogBase.TraceAsync(System.String,System.Exception,System.String,System.String[])">
            <summary>
            异步跟踪
            </summary>
            <param name="msg">消息</param>
            <param name="ex">异常</param>
            <param name="source">来源</param>
            <param name="tags">标签</param>
            <returns>任务</returns>
        </member>
        <member name="M:Hzdtf.Logger.Contract.Standard.LogBase.DebugAsync(System.String,System.Exception,System.String,System.String[])">
            <summary>
            异步调试
            </summary>
            <param name="msg">消息</param>
            <param name="ex">异常</param>
            <param name="source">来源</param>
            <param name="tags">标签</param>
            <returns>任务</returns>
        </member>
        <member name="M:Hzdtf.Logger.Contract.Standard.LogBase.InfoAsync(System.String,System.Exception,System.String,System.String[])">
            <summary>
            异步信息
            </summary>
            <param name="msg">消息</param>
            <param name="ex">异常</param>
            <param name="source">来源</param>
            <param name="tags">标签</param>
            <returns>任务</returns>
        </member>
        <member name="M:Hzdtf.Logger.Contract.Standard.LogBase.WranAsync(System.String,System.Exception,System.String,System.String[])">
            <summary>
            异步警告
            </summary>
            <param name="msg">消息</param>
            <param name="ex">异常</param>
            <param name="source">来源</param>
            <param name="tags">标签</param>
            <returns>任务</returns>
        </member>
        <member name="M:Hzdtf.Logger.Contract.Standard.LogBase.ErrorAsync(System.String,System.Exception,System.String,System.String[])">
            <summary>
            异步错误
            </summary>
            <param name="msg">消息</param>
            <param name="ex">异常</param>
            <param name="source">来源</param>
            <param name="tags">标签</param>
            <returns>任务</returns>
        </member>
        <member name="M:Hzdtf.Logger.Contract.Standard.LogBase.FatalAsync(System.String,System.Exception,System.String,System.String[])">
            <summary>
            异步致命
            </summary>
            <param name="msg">消息</param>
            <param name="ex">异常</param>
            <param name="source">来源</param>
            <param name="tags">标签</param>
            <returns>任务</returns>
        </member>
        <member name="T:Hzdtf.Logger.Contract.Standard.LogLevelHelper">
            <summary>
            日志级别帮助类
            @ 黄振东
            </summary>
        </member>
        <member name="M:Hzdtf.Logger.Contract.Standard.LogLevelHelper.Parse(System.String)">
            <summary>
            解析日志级别枚举
            </summary>
            <param name="level">级别</param>
            <returns>日志级别枚举</returns>
        </member>
        <member name="M:Hzdtf.Logger.Contract.Standard.LogLevelHelper.IsNeedWriteLog(System.String,System.String)">
            <summary>
            判断是否需要写入日志
            </summary>
            <param name="level">级别</param>
            <param name="recordLogLevel">记录日志级别</param>
            <returns>是否需要写入日志</returns>
        </member>
        <member name="T:Hzdtf.Logger.Contract.Standard.LogLevelEnum">
            <summary>
            日志级别枚举
            @ 黄振东
            </summary>
        </member>
        <member name="F:Hzdtf.Logger.Contract.Standard.LogLevelEnum.TRACE">
            <summary>
            跟踪
            </summary>
        </member>
        <member name="F:Hzdtf.Logger.Contract.Standard.LogLevelEnum.DEBUG">
            <summary>
            调试
            </summary>
        </member>
        <member name="F:Hzdtf.Logger.Contract.Standard.LogLevelEnum.INFO">
            <summary>
            信息
            </summary>
        </member>
        <member name="F:Hzdtf.Logger.Contract.Standard.LogLevelEnum.WRAN">
            <summary>
            警告
            </summary>
        </member>
        <member name="F:Hzdtf.Logger.Contract.Standard.LogLevelEnum.ERROR">
            <summary>
            错误
            </summary>
        </member>
        <member name="F:Hzdtf.Logger.Contract.Standard.LogLevelEnum.FATAL">
            <summary>
            致命
            </summary>
        </member>
        <member name="F:Hzdtf.Logger.Contract.Standard.LogLevelEnum.NONE">
            <summary>
            无
            </summary>
        </member>
        <member name="T:Hzdtf.Logger.Contract.Standard.LogTool">
            <summary>
            日志工具
            </summary>
        </member>
        <member name="P:Hzdtf.Logger.Contract.Standard.LogTool.DefaultLog">
            <summary>
            默认日志
            </summary>
        </member>
    </members>
</doc>
