<?xml version="1.0"?>
<doc>
    <assembly>
        <name>Hzdtf.Consul.Extensions.Common.Standard</name>
    </assembly>
    <members>
        <member name="T:Hzdtf.Consul.Extensions.Common.Standard.ConsulBasicOption">
            <summary>
            Consul基本选项配置
            @ 黄振东
            </summary>
        </member>
        <member name="P:Hzdtf.Consul.Extensions.Common.Standard.ConsulBasicOption.ServiceName">
            <summary>
            服务名
            </summary>
        </member>
        <member name="P:Hzdtf.Consul.Extensions.Common.Standard.ConsulBasicOption.ConsulAddress">
            <summary>
            Consul地址
            </summary>
        </member>
        <member name="P:Hzdtf.Consul.Extensions.Common.Standard.ConsulBasicOption.Datacenter">
            <summary>
            数据中心，默认是dc1
            </summary>
        </member>
        <member name="P:Hzdtf.Consul.Extensions.Common.Standard.ConsulBasicOption.CacheExpire">
            <summary>
            缓存失效时间（单位：秒），默认为5秒。-1为永不过期
            </summary>
        </member>
        <member name="T:Hzdtf.Consul.Extensions.Common.Standard.ConsulOptions">
            <summary>
            Consul选项配置
            @ 黄振东
            </summary>
        </member>
        <member name="P:Hzdtf.Consul.Extensions.Common.Standard.ConsulOptions.ServiceId">
            <summary>
            服务ID（唯一）
            </summary>
        </member>
        <member name="P:Hzdtf.Consul.Extensions.Common.Standard.ConsulOptions.ServiceAddress">
            <summary>
            服务地址
            </summary>
        </member>
        <member name="P:Hzdtf.Consul.Extensions.Common.Standard.ConsulOptions.Tags">
            <summary>
            标签数组
            </summary>
        </member>
        <member name="P:Hzdtf.Consul.Extensions.Common.Standard.ConsulOptions.ServiceCheck">
            <summary>
            服务检测
            </summary>
        </member>
        <member name="T:Hzdtf.Consul.Extensions.Common.Standard.ServiceCheckOptions">
            <summary>
            服务检测选项配置
            </summary>
        </member>
        <member name="P:Hzdtf.Consul.Extensions.Common.Standard.ServiceCheckOptions.HealthCheck">
            <summary>
            健康检测地址
            </summary>
        </member>
        <member name="P:Hzdtf.Consul.Extensions.Common.Standard.ServiceCheckOptions.DeregisterCriticalServiceAfter">
            <summary>
            服务停止多久后注销服务（单位：秒）
            </summary>
        </member>
        <member name="P:Hzdtf.Consul.Extensions.Common.Standard.ServiceCheckOptions.Timeout">
            <summary>
            超时时间（单位：秒）
            </summary>
        </member>
        <member name="P:Hzdtf.Consul.Extensions.Common.Standard.ServiceCheckOptions.Interval">
            <summary>
            间隔时间（单位：秒）
            </summary>
        </member>
        <member name="T:Hzdtf.Consul.Extensions.Common.Standard.ConsulRegisterUtil">
            <summary>
            Consul注册工具类
            @ 黄振东
            </summary>
        </member>
        <member name="M:Hzdtf.Consul.Extensions.Common.Standard.ConsulRegisterUtil.CreateConsulClientRegister(System.String,System.Func{System.String},System.Action{Hzdtf.Consul.Extensions.Common.Standard.ConsulOptions})">
            <summary>
            创建Consul客户端注册并根据选项进行配置
            </summary>
            <param name="optionsJsonFile">选项配置JSON文件</param>
            <param name="getLocalServiceAddress">回调获取本地服务地址</param>
            <param name="config">回调选项配置</param>
            <returns>Consul客户端</returns>
        </member>
        <member name="M:Hzdtf.Consul.Extensions.Common.Standard.ConsulRegisterUtil.CreateConsulClientRegister(Hzdtf.Consul.Extensions.Common.Standard.ConsulOptions,System.Func{System.String})">
            <summary>
            创建Consul客户端注册并根据选项进行配置
            </summary>
            <param name="options">选项配置</param>
            <param name="getLocalServiceAddress">回调获取本地服务地址</param>
            <returns>Consul客户端</returns>
        </member>
        <member name="T:Hzdtf.Consul.Extensions.Common.Standard.ConsulServicesProvider">
            <summary>
            Consul服务提供者
            @ 黄振东
            </summary>
        </member>
        <member name="F:Hzdtf.Consul.Extensions.Common.Standard.ConsulServicesProvider.consulClient">
            <summary>
            Consul客户端
            </summary>
        </member>
        <member name="M:Hzdtf.Consul.Extensions.Common.Standard.ConsulServicesProvider.#ctor">
            <summary>
            构造方法
            </summary>
        </member>
        <member name="M:Hzdtf.Consul.Extensions.Common.Standard.ConsulServicesProvider.#ctor(Microsoft.Extensions.Options.IOptions{Hzdtf.Consul.Extensions.Common.Standard.ConsulBasicOption})">
            <summary>
            构造方法
            </summary>
            <param name="options">选项配置</param>
        </member>
        <member name="M:Hzdtf.Consul.Extensions.Common.Standard.ConsulServicesProvider.#ctor(Hzdtf.Consul.Extensions.Common.Standard.ConsulBasicOption)">
            <summary>
            构造方法
            </summary>
            <param name="options">选项配置</param>
        </member>
        <member name="M:Hzdtf.Consul.Extensions.Common.Standard.ConsulServicesProvider.GetAddresses(System.String,System.String)">
            <summary>
            异步根据服务名获取地址数组
            </summary>
            <param name="serviceName">服务名</param>
            <param name="tag">标签</param>
            <returns>地址数组任务</returns>
        </member>
        <member name="M:Hzdtf.Consul.Extensions.Common.Standard.ConsulServicesProvider.Dispose">
            <summary>
            释放资源
            </summary>
        </member>
        <member name="M:Hzdtf.Consul.Extensions.Common.Standard.ConsulServicesProvider.Finalize">
            <summary>
            析构方法
            </summary>
        </member>
        <member name="T:Hzdtf.Consul.Extensions.Common.Standard.ConsulServicesProviderMemory">
            <summary>
            Consul服务提供者内存缓存
            @ 黄振东
            </summary>
        </member>
        <member name="F:Hzdtf.Consul.Extensions.Common.Standard.ConsulServicesProviderMemory.defaultServicesProvider">
            <summary>
            默认服务提供者
            </summary>
        </member>
        <member name="F:Hzdtf.Consul.Extensions.Common.Standard.ConsulServicesProviderMemory.protoServicesProvider">
            <summary>
            原生服务提供者
            </summary>
        </member>
        <member name="P:Hzdtf.Consul.Extensions.Common.Standard.ConsulServicesProviderMemory.ProtoServicesProvider">
            <summary>
            原生服务提供者
            </summary>
        </member>
        <member name="M:Hzdtf.Consul.Extensions.Common.Standard.ConsulServicesProviderMemory.#ctor">
            <summary>
            构造方法
            </summary>
        </member>
        <member name="M:Hzdtf.Consul.Extensions.Common.Standard.ConsulServicesProviderMemory.#ctor(System.Int32)">
            <summary>
            构造方法
            </summary>
            <param name="cacheExpire">缓存失效时间（单位：秒），-1为永不过期</param>
        </member>
        <member name="M:Hzdtf.Consul.Extensions.Common.Standard.ConsulServicesProviderMemory.#ctor(Microsoft.Extensions.Caching.Memory.IMemoryCache,Hzdtf.Consul.Extensions.Common.Standard.ConsulServicesProvider,Microsoft.Extensions.Options.IOptions{Hzdtf.Consul.Extensions.Common.Standard.ConsulBasicOption})">
            <summary>
            构造方法
            </summary>
            <param name="cache">缓存</param>
            <param name="defaultServicesProvider">默认服务提供者</param>
            <param name="consulOptions">Consul配置选项</param>
        </member>
        <member name="M:Hzdtf.Consul.Extensions.Common.Standard.ConsulServicesProviderMemory.Dispose">
            <summary>
            释放资源
            </summary>
        </member>
        <member name="M:Hzdtf.Consul.Extensions.Common.Standard.ConsulServicesProviderMemory.Finalize">
            <summary>
            析构方法
            </summary>
        </member>
    </members>
</doc>
